{"input_shapes":[[3,2,2],[3,2,2],[3,2,2]],"input_data":[[0.01775401271879673,0.033040739595890045,0.061423927545547485,0.016948450356721878,0.09813643246889114,0.08859535306692123,0.0329718254506588,0.05828554555773735,0.052960820496082306,0.008943259716033936,0.07200277596712112,0.09829023480415344],[0.08504189550876617,0.041319310665130615,0.0375274121761322,0.00927516259253025,0.0011720001930370927,0.04343074560165405,0.06298226863145828,0.062009699642658234,0.025007957592606544,0.06703078001737595,0.06040837988257408,0.02919788472354412],[0.06440352648496628,0.07393249124288559,0.0647285133600235,0.07536150515079498,0.04075325280427933,0.016082096844911575,0.05014504864811897,0.0030273140873759985,0.014487284235656261,0.020271414890885353,0.014714938588440418,0.06460260599851608]]}
