{"input_shapes": [[3, 2, 2], [3, 2, 2], [3, 2, 2]], "input_data": [[0.03928849846124649, 0.020758140832185745, 0.04218723997473717, 0.03034762106835842, 0.008526426739990711, 0.05869860202074051, 0.055478524416685104, 0.052012849599123, 0.09691163152456284, 0.09484665095806122, 0.0166464876383543, 0.04354467615485191], [0.05624617263674736, 0.0800473541021347, 0.04826197028160095, 0.006806427147239447, 0.042167313396930695, 0.014221209101378918, 0.06563183665275574, 0.05969652161002159, 0.019371092319488525, 0.030809128656983376, 0.09690304845571518, 0.08673661947250366], [0.04677748680114746, 0.043130870908498764, 0.06742288917303085, 0.09370315074920654, 0.04684414342045784, 0.056873567402362823, 0.037324029952287674, 0.025688016787171364, 0.046993233263492584, 0.09711100161075592, 0.07700646668672562, 0.04695146903395653]], "output_data": [[2.0, 2.0, 2.0, 2.0, 2.0, 2.0, 2.0, 2.0, 2.0, 2.0, 2.0, 2.0, 2.0, 2.0, 2.0, 2.0, 2.0, 2.0, 2.0, 2.0, 2.0, 2.0, 2.0, 2.0, 2.0, 2.0, 2.0, 2.0, 2.0, 2.0, 2.0, 2.0, 2.0, 2.0, 2.0, 2.0, 2.0, 2.0, 2.0, 2.0, 2.0, 2.0, 2.0, 2.0, 2.0, 2.0, 2.0, 2.0, 2.0, 2.0, 2.0, 2.0, 2.0, 2.0, 2.0, 2.0, 2.0, 2.0, 2.0, 2.0, 2.0, 2.0, 2.0, 2.0, 2.0, 2.0, 2.0, 2.0, 2.0, 2.0, 2.0, 2.0, 2.0, 2.0, 2.0], [0.015592495910823345, 0.014376956969499588, 0.022474296391010284, 0.031234383583068848, 0.015614714473485947, 0.01895785517990589, 0.012441343627870083, 0.008562671951949596, 0.015664411708712578, 0.03237033262848854, 0.02566882222890854, 0.015650490298867226]]}