{"input_shapes": [[3, 2, 2], [3, 2, 2], [3, 2, 2]], "input_data": [[0.06564552336931229, 0.08255726844072342, 0.03854966163635254, 0.015306532382965088, 0.026197081431746483, 0.00880422629415989, 0.07365444302558899, 0.06545720249414444, 0.015789330005645752, 0.019138699397444725, 0.0400049090385437, 0.09048616141080856], [0.0026410878635942936, 0.054350513964891434, 0.08520664274692535, 0.07216210663318634, 0.09250493347644806, 0.09669627249240875, 0.02205861173570156, 0.032673418521881104, 0.05036894232034683, 0.0802680179476738, 0.017590999603271484, 0.05603693798184395], [0.001990151358768344, 0.09252157062292099, 0.08655323833227158, 0.05037902668118477, 0.09584891051054001, 0.04118235781788826, 0.020567839965224266, 0.04410611465573311, 0.002145582577213645, 0.09586037695407867, 0.021576065570116043, 0.07306899130344391]], "output_data": [[2.505437135696411, 2.505437135696411, 2.505437135696411, 2.505437135696411, 2.505437135696411, 2.505437135696411, 2.5041372776031494, 2.5178258419036865, 2.502741813659668, 2.505437135696411, 2.505437135696411, 2.5044901371002197, 2.518292188644409, 2.5006470680236816, 2.505437135696411, 2.505437135696411, 2.5050859451293945, 2.495403289794922, 2.5020508766174316, 2.505437135696411, 2.505437135696411, 2.505437135696411, 2.505437135696411, 2.505437135696411, 2.505437135696411, 2.4953672885894775, 2.4953672885894775, 2.4953672885894775, 2.4953672885894775, 2.4953672885894775, 2.4953672885894775, 2.491140604019165, 2.5013785362243652, 2.4938220977783203, 2.4953672885894775, 2.4953672885894775, 2.4976556301116943, 2.4856069087982178, 2.493216037750244, 2.4953672885894775, 2.4953672885894775, 2.499028205871582, 2.4993441104888916, 2.493887186050415, 2.4953672885894775, 2.4953672885894775, 2.4953672885894775, 2.4953672885894775, 2.4953672885894775, 2.4953672885894775, 2.4863553047180176, 2.4863553047180176, 2.4863553047180176, 2.4863553047180176, 2.4863553047180176, 2.4863553047180176, 2.4915921688079834, 2.4703369140625, 2.477806568145752, 2.4863553047180176, 2.4863553047180176, 2.4957869052886963, 2.506817102432251, 2.48515248298645, 2.4863553047180176, 2.4863553047180176, 2.478423833847046, 2.4787545204162598, 2.483800172805786, 2.4863553047180176, 2.4863553047180176, 2.4863553047180176, 2.4863553047180176, 2.4863553047180176, 2.4863553047180176], [0.0006633838056586683, 0.030840523540973663, 0.02885107882320881, 0.016793008893728256, 0.03194963559508324, 0.013727452605962753, 0.006855946499854326, 0.014702037908136845, 0.000715194211807102, 0.03195345774292946, 0.007192021701484919, 0.024356329813599586]]}